{"nodes":{"node:1":{"location":{"x":11,"y":25}},"node:4":{"location":{"x":210,"y":60}}},"selection":null,"view":{"scroll":{"x":-230.92425537109375,"y":-185.206329345703125},"visible_rect":{"max":{"x":500.07574462890625,"y":315.793670654296875},"min":{"x":-230.92425537109375,"y":-185.206329345703125}},"zoom":1}}